<keymap version="1" name="joako" parent="Default for KDE">
  <action id="ActivateFavoritesToolWindow" />
  <action id="Annotate">
    <keyboard-shortcut first-keystroke="alt a" />
  </action>
  <action id="Back">
    <keyboard-shortcut first-keystroke="ctrl alt left" />
    <mouse-shortcut keystroke="button4" />
    <keyboard-shortcut first-keystroke="shift ctrl left" />
  </action>
  <action id="ChangesView.Move" />
  <action id="CloseAllEditors">
    <keyboard-shortcut first-keystroke="alt q" />
  </action>
  <action id="CloseAllEditorsButActive">
    <keyboard-shortcut first-keystroke="alt c" />
  </action>
  <action id="CollapseRegion">
    <keyboard-shortcut first-keystroke="ctrl subtract" />
    <keyboard-shortcut first-keystroke="ctrl minus" />
    <keyboard-shortcut first-keystroke="shift ctrl minus" />
  </action>
  <action id="CommentByBlockComment">
    <keyboard-shortcut first-keystroke="shift ctrl slash" />
    <keyboard-shortcut first-keystroke="shift ctrl divide" />
    <keyboard-shortcut first-keystroke="shift ctrl 7" />
  </action>
  <action id="CommentByLineComment">
    <keyboard-shortcut first-keystroke="ctrl slash" />
    <keyboard-shortcut first-keystroke="ctrl divide" />
    <keyboard-shortcut first-keystroke="ctrl 7" />
  </action>
  <action id="DecreaseColumnWidth" />
  <action id="EditorChooseLookupItemCompleteStatement" />
  <action id="EditorCompleteStatement" />
  <action id="EditorContextInfo" />
  <action id="EditorMatchBrace" />
  <action id="EditorNextWordWithSelection" />
  <action id="EditorPreviousWordWithSelection" />
  <action id="EditorSelectWord">
    <keyboard-shortcut first-keystroke="ctrl w" />
    <keyboard-shortcut first-keystroke="alt w" />
  </action>
  <action id="ExpandRegion">
    <keyboard-shortcut first-keystroke="shift ctrl enter" />
  </action>
  <action id="FileChooser.NewFolder" />
  <action id="FindUsagesInFile" />
  <action id="Forward">
    <keyboard-shortcut first-keystroke="ctrl alt right" />
    <mouse-shortcut keystroke="button5" />
    <keyboard-shortcut first-keystroke="shift ctrl right" />
  </action>
  <action id="Generate.Missing.Members.ES6">
    <keyboard-shortcut first-keystroke="ctrl i" />
  </action>
  <action id="Generate.Missing.Members.TypeScript">
    <keyboard-shortcut first-keystroke="ctrl i" />
  </action>
  <action id="GotoDeclaration">
    <keyboard-shortcut first-keystroke="ctrl b" />
    <mouse-shortcut keystroke="control button1" />
    <keyboard-shortcut first-keystroke="alt g" />
  </action>
  <action id="GotoImplementation">
    <keyboard-shortcut first-keystroke="ctrl alt b" />
    <mouse-shortcut keystroke="control alt button1" />
    <keyboard-shortcut first-keystroke="alt i" />
  </action>
  <action id="GotoSuperMethod">
    <keyboard-shortcut first-keystroke="alt s" />
  </action>
  <action id="GotoTest">
    <keyboard-shortcut first-keystroke="shift ctrl t" />
    <keyboard-shortcut first-keystroke="alt t" />
  </action>
  <action id="HideActiveWindow">
    <keyboard-shortcut first-keystroke="alt 2" />
  </action>
  <action id="HighlightUsagesInFile" />
  <action id="IncreaseColumnWidth" />
  <action id="IncrementWindowWidth" />
  <action id="MethodDown">
    <keyboard-shortcut first-keystroke="alt down" />
    <keyboard-shortcut first-keystroke="alt m" />
  </action>
  <action id="MethodUp">
    <keyboard-shortcut first-keystroke="alt up" />
    <keyboard-shortcut first-keystroke="shift alt m" />
  </action>
  <action id="NewElement">
    <keyboard-shortcut first-keystroke="alt insert" />
    <keyboard-shortcut first-keystroke="alt n" />
  </action>
  <action id="PhpListenDebugAction">
    <keyboard-shortcut first-keystroke="alt l" />
  </action>
  <action id="ReformatCode">
    <keyboard-shortcut first-keystroke="shift alt l" />
    <keyboard-shortcut first-keystroke="alt f" />
  </action>
  <action id="ResizeToolWindowLeft" />
  <action id="ResizeToolWindowRight" />
  <action id="SelectInProjectView">
    <keyboard-shortcut first-keystroke="alt p" />
  </action>
  <action id="SplitVertically">
    <keyboard-shortcut first-keystroke="alt v" />
  </action>
  <action id="Vcs.MoveChangedLinesToChangelist" />
  <action id="Vcs.ToggleAmendCommitMode" />
</keymap>