<application>
  <component name="PhpInterpreters">
    <interpreters>
      <interpreter id="4f38c357-1645-4e92-8332-d31a58b9aab8" name="PHP 7.2" home="/usr/bin/php7.2" debugger_id="php.debugger.XDebug" />
      <interpreter id="87cb89fa-5910-4234-82d7-ed09b426a48f" name="PHP 7.1" home="/bin/php" debugger_id="php.debugger.XDebug" />
    </interpreters>
  </component>
  <component name="PhpInterpretersPhpInfoCache">
    <phpInfoCache>
      <interpreter name="PHP 7.1">
        <phpinfo binary_type="PHP" php_cli="/usr/bin/php7.1" path_separator=":" version="7.1.33-2+ubuntu19.10.1+deb.sury.org+1">
          <additional_php_ini>/etc/php/7.1/cli/conf.d/10-opcache.ini, /etc/php/7.1/cli/conf.d/10-pdo.ini, /etc/php/7.1/cli/conf.d/15-xml.ini, /etc/php/7.1/cli/conf.d/20-calendar.ini, /etc/php/7.1/cli/conf.d/20-ctype.ini, /etc/php/7.1/cli/conf.d/20-dom.ini, /etc/php/7.1/cli/conf.d/20-exif.ini, /etc/php/7.1/cli/conf.d/20-fileinfo.ini, /etc/php/7.1/cli/conf.d/20-ftp.ini, /etc/php/7.1/cli/conf.d/20-gd.ini, /etc/php/7.1/cli/conf.d/20-gettext.ini, /etc/php/7.1/cli/conf.d/20-iconv.ini, /etc/php/7.1/cli/conf.d/20-json.ini, /etc/php/7.1/cli/conf.d/20-mbstring.ini, /etc/php/7.1/cli/conf.d/20-pdo_sqlite.ini, /etc/php/7.1/cli/conf.d/20-phar.ini, /etc/php/7.1/cli/conf.d/20-posix.ini, /etc/php/7.1/cli/conf.d/20-readline.ini, /etc/php/7.1/cli/conf.d/20-shmop.ini, /etc/php/7.1/cli/conf.d/20-simplexml.ini, /etc/php/7.1/cli/conf.d/20-soap.ini, /etc/php/7.1/cli/conf.d/20-sockets.ini, /etc/php/7.1/cli/conf.d/20-sqlite3.ini, /etc/php/7.1/cli/conf.d/20-sysvmsg.ini, /etc/php/7.1/cli/conf.d/20-sysvsem.ini, /etc/php/7.1/cli/conf.d/20-sysvshm.ini, /etc/php/7.1/cli/conf.d/20-tidy.ini, /etc/php/7.1/cli/conf.d/20-tokenizer.ini, /etc/php/7.1/cli/conf.d/20-wddx.ini, /etc/php/7.1/cli/conf.d/20-xdebug.ini, /etc/php/7.1/cli/conf.d/20-xmlreader.ini, /etc/php/7.1/cli/conf.d/20-xmlwriter.ini, /etc/php/7.1/cli/conf.d/20-xsl.ini</additional_php_ini>
          <configuration_file>/etc/php/7.1/cli/php.ini</configuration_file>
          <configuration_options>
            <configuration_option name="include_path" value=".:/usr/share/php" />
          </configuration_options>
          <debuggers>
            <debugger_info debugger="xdebug" debugger_version="2.8.1">
              <debug_extensions />
            </debugger_info>
          </debuggers>
          <loaded_extensions>
            <extension name="Core" />
            <extension name="PDO" />
            <extension name="Phar" />
            <extension name="Reflection" />
            <extension name="SPL" />
            <extension name="SimpleXML" />
            <extension name="Zend OPcache" />
            <extension name="calendar" />
            <extension name="ctype" />
            <extension name="date" />
            <extension name="dom" />
            <extension name="exif" />
            <extension name="fileinfo" />
            <extension name="filter" />
            <extension name="ftp" />
            <extension name="gd" />
            <extension name="gettext" />
            <extension name="hash" />
            <extension name="iconv" />
            <extension name="json" />
            <extension name="libxml" />
            <extension name="mbstring" />
            <extension name="openssl" />
            <extension name="pcntl" />
            <extension name="pcre" />
            <extension name="pdo_sqlite" />
            <extension name="posix" />
            <extension name="readline" />
            <extension name="session" />
            <extension name="shmop" />
            <extension name="soap" />
            <extension name="sockets" />
            <extension name="sqlite3" />
            <extension name="standard" />
            <extension name="sysvmsg" />
            <extension name="sysvsem" />
            <extension name="sysvshm" />
            <extension name="tidy" />
            <extension name="tokenizer" />
            <extension name="wddx" />
            <extension name="xdebug" />
            <extension name="xml" />
            <extension name="xmlreader" />
            <extension name="xmlwriter" />
            <extension name="xsl" />
            <extension name="zlib" />
          </loaded_extensions>
        </phpinfo>
      </interpreter>
      <interpreter name="PHP 7.2">
        <phpinfo binary_type="PHP" php_cli="/usr/bin/php7.2" path_separator=":" version="7.2.25-1+ubuntu19.10.1+deb.sury.org+1">
          <additional_php_ini>/etc/php/7.2/cli/conf.d/10-opcache.ini, /etc/php/7.2/cli/conf.d/10-pdo.ini, /etc/php/7.2/cli/conf.d/15-xml.ini, /etc/php/7.2/cli/conf.d/20-calendar.ini, /etc/php/7.2/cli/conf.d/20-ctype.ini, /etc/php/7.2/cli/conf.d/20-dom.ini, /etc/php/7.2/cli/conf.d/20-exif.ini, /etc/php/7.2/cli/conf.d/20-fileinfo.ini, /etc/php/7.2/cli/conf.d/20-ftp.ini, /etc/php/7.2/cli/conf.d/20-gd.ini, /etc/php/7.2/cli/conf.d/20-gettext.ini, /etc/php/7.2/cli/conf.d/20-iconv.ini, /etc/php/7.2/cli/conf.d/20-json.ini, /etc/php/7.2/cli/conf.d/20-mbstring.ini, /etc/php/7.2/cli/conf.d/20-phar.ini, /etc/php/7.2/cli/conf.d/20-posix.ini, /etc/php/7.2/cli/conf.d/20-readline.ini, /etc/php/7.2/cli/conf.d/20-shmop.ini, /etc/php/7.2/cli/conf.d/20-simplexml.ini, /etc/php/7.2/cli/conf.d/20-soap.ini, /etc/php/7.2/cli/conf.d/20-sockets.ini, /etc/php/7.2/cli/conf.d/20-sysvmsg.ini, /etc/php/7.2/cli/conf.d/20-sysvsem.ini, /etc/php/7.2/cli/conf.d/20-sysvshm.ini, /etc/php/7.2/cli/conf.d/20-tidy.ini, /etc/php/7.2/cli/conf.d/20-tokenizer.ini, /etc/php/7.2/cli/conf.d/20-wddx.ini, /etc/php/7.2/cli/conf.d/20-xdebug.ini, /etc/php/7.2/cli/conf.d/20-xmlreader.ini, /etc/php/7.2/cli/conf.d/20-xmlwriter.ini, /etc/php/7.2/cli/conf.d/20-xsl.ini</additional_php_ini>
          <configuration_file>/etc/php/7.2/cli/php.ini</configuration_file>
          <configuration_options>
            <configuration_option name="include_path" value=".:/usr/share/php" />
          </configuration_options>
          <debuggers>
            <debugger_info debugger="xdebug" debugger_version="2.8.1">
              <debug_extensions />
            </debugger_info>
          </debuggers>
          <loaded_extensions>
            <extension name="Core" />
            <extension name="PDO" />
            <extension name="Phar" />
            <extension name="Reflection" />
            <extension name="SPL" />
            <extension name="SimpleXML" />
            <extension name="Zend OPcache" />
            <extension name="calendar" />
            <extension name="ctype" />
            <extension name="date" />
            <extension name="dom" />
            <extension name="exif" />
            <extension name="fileinfo" />
            <extension name="filter" />
            <extension name="ftp" />
            <extension name="gd" />
            <extension name="gettext" />
            <extension name="hash" />
            <extension name="iconv" />
            <extension name="json" />
            <extension name="libxml" />
            <extension name="mbstring" />
            <extension name="openssl" />
            <extension name="pcntl" />
            <extension name="pcre" />
            <extension name="posix" />
            <extension name="readline" />
            <extension name="session" />
            <extension name="shmop" />
            <extension name="soap" />
            <extension name="sockets" />
            <extension name="sodium" />
            <extension name="standard" />
            <extension name="sysvmsg" />
            <extension name="sysvsem" />
            <extension name="sysvshm" />
            <extension name="tidy" />
            <extension name="tokenizer" />
            <extension name="wddx" />
            <extension name="xdebug" />
            <extension name="xml" />
            <extension name="xmlreader" />
            <extension name="xmlwriter" />
            <extension name="xsl" />
            <extension name="zlib" />
          </loaded_extensions>
        </phpinfo>
      </interpreter>
    </phpInfoCache>
  </component>
</application>